Domain,Category,SEO_Title,SEO_Description,Meta_Description
PreciseTutor.com,brandable_general,PreciseTutor.com – Premium Brandable General Brand Name,"PreciseTutor.com is a premium, brandable domain built for brandable, short name, memorable. Short, memorable and SEO‑optimized — ideal for organic growth and credibility.","Discover PreciseTutor.com: premium brand name for brandable, short name and memorable. Short, memorable and SEO‑ready."
Nilufer.org,brandable_general,Nilufer.org – Premium Brandable General Brand Name,"Nilufer.org is a premium, brandable domain built for brandable, short name, memorable. Short, memorable and SEO‑optimized — ideal for organic growth and credibility.","Discover Nilufer.org: premium brand name for brandable, short name and memorable. Short, memorable and SEO‑ready."
NIFE.net,brandable_general,NIFE.net – Premium Brandable General Brand Name,"NIFE.net is a premium, brandable domain built for brandable, short name, memorable. Short, memorable and SEO‑optimized — ideal for organic growth and credibility.","Discover NIFE.net: premium brand name for brandable, short name and memorable. Short, memorable and SEO‑ready."
SUAT.net,brandable_general,SUAT.net – Premium Brandable General Brand Name,"SUAT.net is a premium, brandable domain built for brandable, short name, memorable. Short, memorable and SEO‑optimized — ideal for organic growth and credibility.","Discover SUAT.net: premium brand name for brandable, short name and memorable. Short, memorable and SEO‑ready."
WordyPool.com,brandable_general,WordyPool.com – Premium Brandable General Brand Name,"WordyPool.com is a premium, brandable domain built for brandable, short name, memorable. Short, memorable and SEO‑optimized — ideal for organic growth and credibility.","Discover WordyPool.com: premium brand name for brandable, short name and memorable. Short, memorable and SEO‑ready."
EntryOL.com,trend_analytics,EntryOL.com – Premium Trend Analytics Brand Name,"EntryOL.com is a premium, brandable domain built for analytics, data, trends. Short, memorable and SEO‑optimized — ideal for organic growth and credibility.","Discover EntryOL.com: premium brand name for analytics, data and trends. Short, memorable and SEO‑ready."
NewsPrivate.com,brandable_general,NewsPrivate.com – Premium Brandable General Brand Name,"NewsPrivate.com is a premium, brandable domain built for brandable, short name, memorable. Short, memorable and SEO‑optimized — ideal for organic growth and credibility.","Discover NewsPrivate.com: premium brand name for brandable, short name and memorable. Short, memorable and SEO‑ready."
TalkInHealth.com,brandable_general,TalkInHealth.com – Premium Brandable General Brand Name,"TalkInHealth.com is a premium, brandable domain built for brandable, short name, memorable. Short, memorable and SEO‑optimized — ideal for organic growth and credibility.","Discover TalkInHealth.com: premium brand name for brandable, short name and memorable. Short, memorable and SEO‑ready."
Kontenjan.com,brandable_general,Kontenjan.com – Premium Brandable General Brand Name,"Kontenjan.com is a premium, brandable domain built for brandable, short name, memorable. Short, memorable and SEO‑optimized — ideal for organic growth and credibility.","Discover Kontenjan.com: premium brand name for brandable, short name and memorable. Short, memorable and SEO‑ready."
Beyrout.com,brandable_general,Beyrout.com – Premium Brandable General Brand Name,"Beyrout.com is a premium, brandable domain built for brandable, short name, memorable. Short, memorable and SEO‑optimized — ideal for organic growth and credibility.","Discover Beyrout.com: premium brand name for brandable, short name and memorable. Short, memorable and SEO‑ready."
LineHaber.com,brandable_general,LineHaber.com – Premium Brandable General Brand Name,"LineHaber.com is a premium, brandable domain built for brandable, short name, memorable. Short, memorable and SEO‑optimized — ideal for organic growth and credibility.","Discover LineHaber.com: premium brand name for brandable, short name and memorable. Short, memorable and SEO‑ready."
ForDiver.com,brandable_general,ForDiver.com – Premium Brandable General Brand Name,"ForDiver.com is a premium, brandable domain built for brandable, short name, memorable. Short, memorable and SEO‑optimized — ideal for organic growth and credibility.","Discover ForDiver.com: premium brand name for brandable, short name and memorable. Short, memorable and SEO‑ready."
Layusel.com,brandable_general,Layusel.com – Premium Brandable General Brand Name,"Layusel.com is a premium, brandable domain built for brandable, short name, memorable. Short, memorable and SEO‑optimized — ideal for organic growth and credibility.","Discover Layusel.com: premium brand name for brandable, short name and memorable. Short, memorable and SEO‑ready."
SoloTat.com,brandable_general,SoloTat.com – Premium Brandable General Brand Name,"SoloTat.com is a premium, brandable domain built for brandable, short name, memorable. Short, memorable and SEO‑optimized — ideal for organic growth and credibility.","Discover SoloTat.com: premium brand name for brandable, short name and memorable. Short, memorable and SEO‑ready."
Nesnelita.com,brandable_general,Nesnelita.com – Premium Brandable General Brand Name,"Nesnelita.com is a premium, brandable domain built for brandable, short name, memorable. Short, memorable and SEO‑optimized — ideal for organic growth and credibility.","Discover Nesnelita.com: premium brand name for brandable, short name and memorable. Short, memorable and SEO‑ready."
ChimeSweeps.com,brandable_general,ChimeSweeps.com – Premium Brandable General Brand Name,"ChimeSweeps.com is a premium, brandable domain built for brandable, short name, memorable. Short, memorable and SEO‑optimized — ideal for organic growth and credibility.","Discover ChimeSweeps.com: premium brand name for brandable, short name and memorable. Short, memorable and SEO‑ready."
Joker.menu,brandable_general,Joker.menu – Premium Brandable General Brand Name,"Joker.menu is a premium, brandable domain built for brandable, short name, memorable. Short, memorable and SEO‑optimized — ideal for organic growth and credibility.","Discover Joker.menu: premium brand name for brandable, short name and memorable. Short, memorable and SEO‑ready."
Kulakizi.com,brandable_general,Kulakizi.com – Premium Brandable General Brand Name,"Kulakizi.com is a premium, brandable domain built for brandable, short name, memorable. Short, memorable and SEO‑optimized — ideal for organic growth and credibility.","Discover Kulakizi.com: premium brand name for brandable, short name and memorable. Short, memorable and SEO‑ready."
ElitAnne.com,brandable_general,ElitAnne.com – Premium Brandable General Brand Name,"ElitAnne.com is a premium, brandable domain built for brandable, short name, memorable. Short, memorable and SEO‑optimized — ideal for organic growth and credibility.","Discover ElitAnne.com: premium brand name for brandable, short name and memorable. Short, memorable and SEO‑ready."
Contactless.live,brandable_general,Contactless.live – Premium Brandable General Brand Name,"Contactless.live is a premium, brandable domain built for brandable, short name, memorable. Short, memorable and SEO‑optimized — ideal for organic growth and credibility.","Discover Contactless.live: premium brand name for brandable, short name and memorable. Short, memorable and SEO‑ready."
OnlyMyTime.com,brandable_general,OnlyMyTime.com – Premium Brandable General Brand Name,"OnlyMyTime.com is a premium, brandable domain built for brandable, short name, memorable. Short, memorable and SEO‑optimized — ideal for organic growth and credibility.","Discover OnlyMyTime.com: premium brand name for brandable, short name and memorable. Short, memorable and SEO‑ready."
VitrinIstanbul.com,brandable_general,VitrinIstanbul.com – Premium Brandable General Brand Name,"VitrinIstanbul.com is a premium, brandable domain built for brandable, short name, memorable. Short, memorable and SEO‑optimized — ideal for organic growth and credibility.","Discover VitrinIstanbul.com: premium brand name for brandable, short name and memorable. Short, memorable and SEO‑ready."
BrainsColors.com,brand_agency,BrainsColors.com – Premium Brand Agency Brand Name,"BrainsColors.com is a premium, brandable domain built for branding, agency, creative. Short, memorable and SEO‑optimized — ideal for organic growth and credibility.","Discover BrainsColors.com: premium brand name for branding, agency and creative. Short, memorable and SEO‑ready."
GetToTT.com,brandable_general,GetToTT.com – Premium Brandable General Brand Name,"GetToTT.com is a premium, brandable domain built for brandable, short name, memorable. Short, memorable and SEO‑optimized — ideal for organic growth and credibility.","Discover GetToTT.com: premium brand name for brandable, short name and memorable. Short, memorable and SEO‑ready."
ToggPacific.com,brandable_general,ToggPacific.com – Premium Brandable General Brand Name,"ToggPacific.com is a premium, brandable domain built for brandable, short name, memorable. Short, memorable and SEO‑optimized — ideal for organic growth and credibility.","Discover ToggPacific.com: premium brand name for brandable, short name and memorable. Short, memorable and SEO‑ready."
BigGaga.com,brandable_general,BigGaga.com – Premium Brandable General Brand Name,"BigGaga.com is a premium, brandable domain built for brandable, short name, memorable. Short, memorable and SEO‑optimized — ideal for organic growth and credibility.","Discover BigGaga.com: premium brand name for brandable, short name and memorable. Short, memorable and SEO‑ready."
BackStamp.co,brandable_general,BackStamp.co – Premium Brandable General Brand Name,"BackStamp.co is a premium, brandable domain built for brandable, short name, memorable. Short, memorable and SEO‑optimized — ideal for organic growth and credibility.","Discover BackStamp.co: premium brand name for brandable, short name and memorable. Short, memorable and SEO‑ready."
BoldLend.co,brandable_general,BoldLend.co – Premium Brandable General Brand Name,"BoldLend.co is a premium, brandable domain built for brandable, short name, memorable. Short, memorable and SEO‑optimized — ideal for organic growth and credibility.","Discover BoldLend.co: premium brand name for brandable, short name and memorable. Short, memorable and SEO‑ready."
EliteComfort.co,nature_green,EliteComfort.co – Premium Nature Green Brand Name,"EliteComfort.co is a premium, brandable domain built for sustainability, eco, nature. Short, memorable and SEO‑optimized — ideal for organic growth and credibility.","Discover EliteComfort.co: premium brand name for sustainability, eco and nature. Short, memorable and SEO‑ready."
FaceRepair.co,brandable_general,FaceRepair.co – Premium Brandable General Brand Name,"FaceRepair.co is a premium, brandable domain built for brandable, short name, memorable. Short, memorable and SEO‑optimized — ideal for organic growth and credibility.","Discover FaceRepair.co: premium brand name for brandable, short name and memorable. Short, memorable and SEO‑ready."
GeniusBee.co,brand_agency,GeniusBee.co – Premium Brand Agency Brand Name,"GeniusBee.co is a premium, brandable domain built for branding, agency, creative. Short, memorable and SEO‑optimized — ideal for organic growth and credibility.","Discover GeniusBee.co: premium brand name for branding, agency and creative. Short, memorable and SEO‑ready."
MultiMile.co,brandable_general,MultiMile.co – Premium Brandable General Brand Name,"MultiMile.co is a premium, brandable domain built for brandable, short name, memorable. Short, memorable and SEO‑optimized — ideal for organic growth and credibility.","Discover MultiMile.co: premium brand name for brandable, short name and memorable. Short, memorable and SEO‑ready."
NurseWorks.co,brandable_general,NurseWorks.co – Premium Brandable General Brand Name,"NurseWorks.co is a premium, brandable domain built for brandable, short name, memorable. Short, memorable and SEO‑optimized — ideal for organic growth and credibility.","Discover NurseWorks.co: premium brand name for brandable, short name and memorable. Short, memorable and SEO‑ready."
PeakBuilt.co,brandable_general,PeakBuilt.co – Premium Brandable General Brand Name,"PeakBuilt.co is a premium, brandable domain built for brandable, short name, memorable. Short, memorable and SEO‑optimized — ideal for organic growth and credibility.","Discover PeakBuilt.co: premium brand name for brandable, short name and memorable. Short, memorable and SEO‑ready."
PublicClinic.co,brandable_general,PublicClinic.co – Premium Brandable General Brand Name,"PublicClinic.co is a premium, brandable domain built for brandable, short name, memorable. Short, memorable and SEO‑optimized — ideal for organic growth and credibility.","Discover PublicClinic.co: premium brand name for brandable, short name and memorable. Short, memorable and SEO‑ready."
ShoeSpot.co,brandable_general,ShoeSpot.co – Premium Brandable General Brand Name,"ShoeSpot.co is a premium, brandable domain built for brandable, short name, memorable. Short, memorable and SEO‑optimized — ideal for organic growth and credibility.","Discover ShoeSpot.co: premium brand name for brandable, short name and memorable. Short, memorable and SEO‑ready."
SmartWarranty.co,warranty,SmartWarranty.co – Premium Warranty Brand Name,"SmartWarranty.co is a premium, brandable domain built for warranty, extended protection, coverage. Short, memorable and SEO‑optimized — ideal for organic growth and credibility.","Discover SmartWarranty.co: premium brand name for warranty, extended protection and coverage. Short, memorable and SEO‑ready."
SolarCharging.co,brandable_general,SolarCharging.co – Premium Brandable General Brand Name,"SolarCharging.co is a premium, brandable domain built for brandable, short name, memorable. Short, memorable and SEO‑optimized — ideal for organic growth and credibility.","Discover SolarCharging.co: premium brand name for brandable, short name and memorable. Short, memorable and SEO‑ready."
SpaTreatments.co,brandable_general,SpaTreatments.co – Premium Brandable General Brand Name,"SpaTreatments.co is a premium, brandable domain built for brandable, short name, memorable. Short, memorable and SEO‑optimized — ideal for organic growth and credibility.","Discover SpaTreatments.co: premium brand name for brandable, short name and memorable. Short, memorable and SEO‑ready."
SuitStore.co,brandable_general,SuitStore.co – Premium Brandable General Brand Name,"SuitStore.co is a premium, brandable domain built for brandable, short name, memorable. Short, memorable and SEO‑optimized — ideal for organic growth and credibility.","Discover SuitStore.co: premium brand name for brandable, short name and memorable. Short, memorable and SEO‑ready."
VirtualSight.co,brandable_general,VirtualSight.co – Premium Brandable General Brand Name,"VirtualSight.co is a premium, brandable domain built for brandable, short name, memorable. Short, memorable and SEO‑optimized — ideal for organic growth and credibility.","Discover VirtualSight.co: premium brand name for brandable, short name and memorable. Short, memorable and SEO‑ready."
TriedCarrier.com,logistics_transport,TriedCarrier.com – Premium Logistics Transport Brand Name,"TriedCarrier.com is a premium, brandable domain built for logistics, carrier, fleet. Short, memorable and SEO‑optimized — ideal for organic growth and credibility.","Discover TriedCarrier.com: premium brand name for logistics, carrier and fleet. Short, memorable and SEO‑ready."
TriedDelivery.com,brandable_general,TriedDelivery.com – Premium Brandable General Brand Name,"TriedDelivery.com is a premium, brandable domain built for brandable, short name, memorable. Short, memorable and SEO‑optimized — ideal for organic growth and credibility.","Discover TriedDelivery.com: premium brand name for brandable, short name and memorable. Short, memorable and SEO‑ready."
Lebabet.com,brandable_general,Lebabet.com – Premium Brandable General Brand Name,"Lebabet.com is a premium, brandable domain built for brandable, short name, memorable. Short, memorable and SEO‑optimized — ideal for organic growth and credibility.","Discover Lebabet.com: premium brand name for brandable, short name and memorable. Short, memorable and SEO‑ready."
WhiteScut.com,brandable_general,WhiteScut.com – Premium Brandable General Brand Name,"WhiteScut.com is a premium, brandable domain built for brandable, short name, memorable. Short, memorable and SEO‑optimized — ideal for organic growth and credibility.","Discover WhiteScut.com: premium brand name for brandable, short name and memorable. Short, memorable and SEO‑ready."
Aleyh.com,brandable_general,Aleyh.com – Premium Brandable General Brand Name,"Aleyh.com is a premium, brandable domain built for brandable, short name, memorable. Short, memorable and SEO‑optimized — ideal for organic growth and credibility.","Discover Aleyh.com: premium brand name for brandable, short name and memorable. Short, memorable and SEO‑ready."
CNPQ.org,brandable_general,CNPQ.org – Premium Brandable General Brand Name,"CNPQ.org is a premium, brandable domain built for brandable, short name, memorable. Short, memorable and SEO‑optimized — ideal for organic growth and credibility.","Discover CNPQ.org: premium brand name for brandable, short name and memorable. Short, memorable and SEO‑ready."
UsherMore.com,brandable_general,UsherMore.com – Premium Brandable General Brand Name,"UsherMore.com is a premium, brandable domain built for brandable, short name, memorable. Short, memorable and SEO‑optimized — ideal for organic growth and credibility.","Discover UsherMore.com: premium brand name for brandable, short name and memorable. Short, memorable and SEO‑ready."
Zikrullah.com,brandable_general,Zikrullah.com – Premium Brandable General Brand Name,"Zikrullah.com is a premium, brandable domain built for brandable, short name, memorable. Short, memorable and SEO‑optimized — ideal for organic growth and credibility.","Discover Zikrullah.com: premium brand name for brandable, short name and memorable. Short, memorable and SEO‑ready."
Vakit.org,brandable_general,Vakit.org – Premium Brandable General Brand Name,"Vakit.org is a premium, brandable domain built for brandable, short name, memorable. Short, memorable and SEO‑optimized — ideal for organic growth and credibility.","Discover Vakit.org: premium brand name for brandable, short name and memorable. Short, memorable and SEO‑ready."
AimDD.com,brandable_general,AimDD.com – Premium Brandable General Brand Name,"AimDD.com is a premium, brandable domain built for brandable, short name, memorable. Short, memorable and SEO‑optimized — ideal for organic growth and credibility.","Discover AimDD.com: premium brand name for brandable, short name and memorable. Short, memorable and SEO‑ready."
mPAYm.com,brandable_general,mPAYm.com – Premium Brandable General Brand Name,"mPAYm.com is a premium, brandable domain built for brandable, short name, memorable. Short, memorable and SEO‑optimized — ideal for organic growth and credibility.","Discover mPAYm.com: premium brand name for brandable, short name and memorable. Short, memorable and SEO‑ready."
GoGode.com,brandable_general,GoGode.com – Premium Brandable General Brand Name,"GoGode.com is a premium, brandable domain built for brandable, short name, memorable. Short, memorable and SEO‑optimized — ideal for organic growth and credibility.","Discover GoGode.com: premium brand name for brandable, short name and memorable. Short, memorable and SEO‑ready."
TTSus.com,brandable_general,TTSus.com – Premium Brandable General Brand Name,"TTSus.com is a premium, brandable domain built for brandable, short name, memorable. Short, memorable and SEO‑optimized — ideal for organic growth and credibility.","Discover TTSus.com: premium brand name for brandable, short name and memorable. Short, memorable and SEO‑ready."
Oemec.com,brandable_general,Oemec.com – Premium Brandable General Brand Name,"Oemec.com is a premium, brandable domain built for brandable, short name, memorable. Short, memorable and SEO‑optimized — ideal for organic growth and credibility.","Discover Oemec.com: premium brand name for brandable, short name and memorable. Short, memorable and SEO‑ready."
Padga.com,brandable_general,Padga.com – Premium Brandable General Brand Name,"Padga.com is a premium, brandable domain built for brandable, short name, memorable. Short, memorable and SEO‑optimized — ideal for organic growth and credibility.","Discover Padga.com: premium brand name for brandable, short name and memorable. Short, memorable and SEO‑ready."
TatilSpotu.com,brandable_general,TatilSpotu.com – Premium Brandable General Brand Name,"TatilSpotu.com is a premium, brandable domain built for brandable, short name, memorable. Short, memorable and SEO‑optimized — ideal for organic growth and credibility.","Discover TatilSpotu.com: premium brand name for brandable, short name and memorable. Short, memorable and SEO‑ready."
MirRoo.com,brandable_general,MirRoo.com – Premium Brandable General Brand Name,"MirRoo.com is a premium, brandable domain built for brandable, short name, memorable. Short, memorable and SEO‑optimized — ideal for organic growth and credibility.","Discover MirRoo.com: premium brand name for brandable, short name and memorable. Short, memorable and SEO‑ready."
SozLux.com,brandable_general,SozLux.com – Premium Brandable General Brand Name,"SozLux.com is a premium, brandable domain built for brandable, short name, memorable. Short, memorable and SEO‑optimized — ideal for organic growth and credibility.","Discover SozLux.com: premium brand name for brandable, short name and memorable. Short, memorable and SEO‑ready."
PanelAxis.com,saas_dashboard,PanelAxis.com – Premium Saas Dashboard Brand Name,"PanelAxis.com is a premium, brandable domain built for SaaS, dashboard, B2B software. Short, memorable and SEO‑optimized — ideal for organic growth and credibility.","Discover PanelAxis.com: premium brand name for SaaS, dashboard and B2B software. Short, memorable and SEO‑ready."
MentorTiger.com,animals_strength,MentorTiger.com – Premium Animals Strength Brand Name,"MentorTiger.com is a premium, brandable domain built for fitness, outdoor, leadership. Short, memorable and SEO‑optimized — ideal for organic growth and credibility.","Discover MentorTiger.com: premium brand name for fitness, outdoor and leadership. Short, memorable and SEO‑ready."
Zivto.com,brandable_general,Zivto.com – Premium Brandable General Brand Name,"Zivto.com is a premium, brandable domain built for brandable, short name, memorable. Short, memorable and SEO‑optimized — ideal for organic growth and credibility.","Discover Zivto.com: premium brand name for brandable, short name and memorable. Short, memorable and SEO‑ready."
FlavorOrbit.com,food_snack,FlavorOrbit.com – Premium Food Snack Brand Name,"FlavorOrbit.com is a premium, brandable domain built for snacks, food brand, delivery. Short, memorable and SEO‑optimized — ideal for organic growth and credibility.","Discover FlavorOrbit.com: premium brand name for snacks, food brand and delivery. Short, memorable and SEO‑ready."
NiceLush.com,health_diet,NiceLush.com – Premium Health Diet Brand Name,"NiceLush.com is a premium, brandable domain built for healthy diet, nutrition, wellness. Short, memorable and SEO‑optimized — ideal for organic growth and credibility.","Discover NiceLush.com: premium brand name for healthy diet, nutrition and wellness. Short, memorable and SEO‑ready."
SnackOrbit.com,food_snack,SnackOrbit.com – Premium Food Snack Brand Name,"SnackOrbit.com is a premium, brandable domain built for snacks, food brand, delivery. Short, memorable and SEO‑optimized — ideal for organic growth and credibility.","Discover SnackOrbit.com: premium brand name for snacks, food brand and delivery. Short, memorable and SEO‑ready."
CardioBear.com,health_diet,CardioBear.com – Premium Health Diet Brand Name,"CardioBear.com is a premium, brandable domain built for healthy diet, nutrition, wellness. Short, memorable and SEO‑optimized — ideal for organic growth and credibility.","Discover CardioBear.com: premium brand name for healthy diet, nutrition and wellness. Short, memorable and SEO‑ready."
VUY.io,brandable_general,VUY.io – Premium Brandable General Brand Name,"VUY.io is a premium, brandable domain built for brandable, short name, memorable. Short, memorable and SEO‑optimized — ideal for organic growth and credibility.","Discover VUY.io: premium brand name for brandable, short name and memorable. Short, memorable and SEO‑ready."
AVRI.net,brandable_general,AVRI.net – Premium Brandable General Brand Name,"AVRI.net is a premium, brandable domain built for brandable, short name, memorable. Short, memorable and SEO‑optimized — ideal for organic growth and credibility.","Discover AVRI.net: premium brand name for brandable, short name and memorable. Short, memorable and SEO‑ready."
USNA.net,brandable_general,USNA.net – Premium Brandable General Brand Name,"USNA.net is a premium, brandable domain built for brandable, short name, memorable. Short, memorable and SEO‑optimized — ideal for organic growth and credibility.","Discover USNA.net: premium brand name for brandable, short name and memorable. Short, memorable and SEO‑ready."
SBR.net,brandable_general,SBR.net – Premium Brandable General Brand Name,"SBR.net is a premium, brandable domain built for brandable, short name, memorable. Short, memorable and SEO‑optimized — ideal for organic growth and credibility.","Discover SBR.net: premium brand name for brandable, short name and memorable. Short, memorable and SEO‑ready."
WordEntry.com,trend_analytics,WordEntry.com – Premium Trend Analytics Brand Name,"WordEntry.com is a premium, brandable domain built for analytics, data, trends. Short, memorable and SEO‑optimized — ideal for organic growth and credibility.","Discover WordEntry.com: premium brand name for analytics, data and trends. Short, memorable and SEO‑ready."
HairToCare.com,brandable_general,HairToCare.com – Premium Brandable General Brand Name,"HairToCare.com is a premium, brandable domain built for brandable, short name, memorable. Short, memorable and SEO‑optimized — ideal for organic growth and credibility.","Discover HairToCare.com: premium brand name for brandable, short name and memorable. Short, memorable and SEO‑ready."
HitRegion.com,trend_analytics,HitRegion.com – Premium Trend Analytics Brand Name,"HitRegion.com is a premium, brandable domain built for analytics, data, trends. Short, memorable and SEO‑optimized — ideal for organic growth and credibility.","Discover HitRegion.com: premium brand name for analytics, data and trends. Short, memorable and SEO‑ready."
UYFE.com,brandable_general,UYFE.com – Premium Brandable General Brand Name,"UYFE.com is a premium, brandable domain built for brandable, short name, memorable. Short, memorable and SEO‑optimized — ideal for organic growth and credibility.","Discover UYFE.com: premium brand name for brandable, short name and memorable. Short, memorable and SEO‑ready."
Batyal.com,brandable_general,Batyal.com – Premium Brandable General Brand Name,"Batyal.com is a premium, brandable domain built for brandable, short name, memorable. Short, memorable and SEO‑optimized — ideal for organic growth and credibility.","Discover Batyal.com: premium brand name for brandable, short name and memorable. Short, memorable and SEO‑ready."
OldLogic.com,trend_analytics,OldLogic.com – Premium Trend Analytics Brand Name,"OldLogic.com is a premium, brandable domain built for analytics, data, trends. Short, memorable and SEO‑optimized — ideal for organic growth and credibility.","Discover OldLogic.com: premium brand name for analytics, data and trends. Short, memorable and SEO‑ready."
BonnyDiet.com,health_diet,BonnyDiet.com – Premium Health Diet Brand Name,"BonnyDiet.com is a premium, brandable domain built for healthy diet, nutrition, wellness. Short, memorable and SEO‑optimized — ideal for organic growth and credibility.","Discover BonnyDiet.com: premium brand name for healthy diet, nutrition and wellness. Short, memorable and SEO‑ready."
Nadyo.com,brandable_general,Nadyo.com – Premium Brandable General Brand Name,"Nadyo.com is a premium, brandable domain built for brandable, short name, memorable. Short, memorable and SEO‑optimized — ideal for organic growth and credibility.","Discover Nadyo.com: premium brand name for brandable, short name and memorable. Short, memorable and SEO‑ready."
Bipna.com,brandable_general,Bipna.com – Premium Brandable General Brand Name,"Bipna.com is a premium, brandable domain built for brandable, short name, memorable. Short, memorable and SEO‑optimized — ideal for organic growth and credibility.","Discover Bipna.com: premium brand name for brandable, short name and memorable. Short, memorable and SEO‑ready."
SweetSkirt.com,brandable_general,SweetSkirt.com – Premium Brandable General Brand Name,"SweetSkirt.com is a premium, brandable domain built for brandable, short name, memorable. Short, memorable and SEO‑optimized — ideal for organic growth and credibility.","Discover SweetSkirt.com: premium brand name for brandable, short name and memorable. Short, memorable and SEO‑ready."
Elfida.com,brandable_general,Elfida.com – Premium Brandable General Brand Name,"Elfida.com is a premium, brandable domain built for brandable, short name, memorable. Short, memorable and SEO‑optimized — ideal for organic growth and credibility.","Discover Elfida.com: premium brand name for brandable, short name and memorable. Short, memorable and SEO‑ready."
HideDocs.com,security_privacy,HideDocs.com – Premium Security Privacy Brand Name,"HideDocs.com is a premium, brandable domain built for cybersecurity, privacy, vault. Short, memorable and SEO‑optimized — ideal for organic growth and credibility.","Discover HideDocs.com: premium brand name for cybersecurity, privacy and vault. Short, memorable and SEO‑ready."
ToggTeam.com,brandable_general,ToggTeam.com – Premium Brandable General Brand Name,"ToggTeam.com is a premium, brandable domain built for brandable, short name, memorable. Short, memorable and SEO‑optimized — ideal for organic growth and credibility.","Discover ToggTeam.com: premium brand name for brandable, short name and memorable. Short, memorable and SEO‑ready."
Belenay.com,brandable_general,Belenay.com – Premium Brandable General Brand Name,"Belenay.com is a premium, brandable domain built for brandable, short name, memorable. Short, memorable and SEO‑optimized — ideal for organic growth and credibility.","Discover Belenay.com: premium brand name for brandable, short name and memorable. Short, memorable and SEO‑ready."
LuckLack.com,brandable_general,LuckLack.com – Premium Brandable General Brand Name,"LuckLack.com is a premium, brandable domain built for brandable, short name, memorable. Short, memorable and SEO‑optimized — ideal for organic growth and credibility.","Discover LuckLack.com: premium brand name for brandable, short name and memorable. Short, memorable and SEO‑ready."
DoSlush.com,health_diet,DoSlush.com – Premium Health Diet Brand Name,"DoSlush.com is a premium, brandable domain built for healthy diet, nutrition, wellness. Short, memorable and SEO‑optimized — ideal for organic growth and credibility.","Discover DoSlush.com: premium brand name for healthy diet, nutrition and wellness. Short, memorable and SEO‑ready."
Melkut.com,brandable_general,Melkut.com – Premium Brandable General Brand Name,"Melkut.com is a premium, brandable domain built for brandable, short name, memorable. Short, memorable and SEO‑optimized — ideal for organic growth and credibility.","Discover Melkut.com: premium brand name for brandable, short name and memorable. Short, memorable and SEO‑ready."
Doslash.com,brandable_general,Doslash.com – Premium Brandable General Brand Name,"Doslash.com is a premium, brandable domain built for brandable, short name, memorable. Short, memorable and SEO‑optimized — ideal for organic growth and credibility.","Discover Doslash.com: premium brand name for brandable, short name and memorable. Short, memorable and SEO‑ready."
ActiveStamp.com,brandable_general,ActiveStamp.com – Premium Brandable General Brand Name,"ActiveStamp.com is a premium, brandable domain built for brandable, short name, memorable. Short, memorable and SEO‑optimized — ideal for organic growth and credibility.","Discover ActiveStamp.com: premium brand name for brandable, short name and memorable. Short, memorable and SEO‑ready."
WellWhet.com,health_diet,WellWhet.com – Premium Health Diet Brand Name,"WellWhet.com is a premium, brandable domain built for healthy diet, nutrition, wellness. Short, memorable and SEO‑optimized — ideal for organic growth and credibility.","Discover WellWhet.com: premium brand name for healthy diet, nutrition and wellness. Short, memorable and SEO‑ready."
BetterWolf.com,animals_strength,BetterWolf.com – Premium Animals Strength Brand Name,"BetterWolf.com is a premium, brandable domain built for fitness, outdoor, leadership. Short, memorable and SEO‑optimized — ideal for organic growth and credibility.","Discover BetterWolf.com: premium brand name for fitness, outdoor and leadership. Short, memorable and SEO‑ready."
ForeverActive.co,brandable_general,ForeverActive.co – Premium Brandable General Brand Name,"ForeverActive.co is a premium, brandable domain built for brandable, short name, memorable. Short, memorable and SEO‑optimized — ideal for organic growth and credibility.","Discover ForeverActive.co: premium brand name for brandable, short name and memorable. Short, memorable and SEO‑ready."
NatureBased.co,nature_green,NatureBased.co – Premium Nature Green Brand Name,"NatureBased.co is a premium, brandable domain built for sustainability, eco, nature. Short, memorable and SEO‑optimized — ideal for organic growth and credibility.","Discover NatureBased.co: premium brand name for sustainability, eco and nature. Short, memorable and SEO‑ready."
ReCarrier.com,logistics_transport,ReCarrier.com – Premium Logistics Transport Brand Name,"ReCarrier.com is a premium, brandable domain built for logistics, carrier, fleet. Short, memorable and SEO‑optimized — ideal for organic growth and credibility.","Discover ReCarrier.com: premium brand name for logistics, carrier and fleet. Short, memorable and SEO‑ready."
BoldWarranty.com,warranty,BoldWarranty.com – Premium Warranty Brand Name,"BoldWarranty.com is a premium, brandable domain built for warranty, extended protection, coverage. Short, memorable and SEO‑optimized — ideal for organic growth and credibility.","Discover BoldWarranty.com: premium brand name for warranty, extended protection and coverage. Short, memorable and SEO‑ready."
BrightWarranty.com,warranty,BrightWarranty.com – Premium Warranty Brand Name,"BrightWarranty.com is a premium, brandable domain built for warranty, extended protection, coverage. Short, memorable and SEO‑optimized — ideal for organic growth and credibility.","Discover BrightWarranty.com: premium brand name for warranty, extended protection and coverage. Short, memorable and SEO‑ready."
GorgeousEstate.com,real_estate,GorgeousEstate.com – Premium Real Estate Brand Name,"GorgeousEstate.com is a premium, brandable domain built for real estate, proptech, luxury homes. Short, memorable and SEO‑optimized — ideal for organic growth and credibility.","Discover GorgeousEstate.com: premium brand name for real estate, proptech and luxury homes. Short, memorable and SEO‑ready."
SwirlFox.com,animals_strength,SwirlFox.com – Premium Animals Strength Brand Name,"SwirlFox.com is a premium, brandable domain built for fitness, outdoor, leadership. Short, memorable and SEO‑optimized — ideal for organic growth and credibility.","Discover SwirlFox.com: premium brand name for fitness, outdoor and leadership. Short, memorable and SEO‑ready."
VortexBee.com,brandable_general,VortexBee.com – Premium Brandable General Brand Name,"VortexBee.com is a premium, brandable domain built for brandable, short name, memorable. Short, memorable and SEO‑optimized — ideal for organic growth and credibility.","Discover VortexBee.com: premium brand name for brandable, short name and memorable. Short, memorable and SEO‑ready."
UMZ.io,brandable_general,UMZ.io – Premium Brandable General Brand Name,"UMZ.io is a premium, brandable domain built for brandable, short name, memorable. Short, memorable and SEO‑optimized — ideal for organic growth and credibility.","Discover UMZ.io: premium brand name for brandable, short name and memorable. Short, memorable and SEO‑ready."
Superluminosity.com,trend_analytics,Superluminosity.com – Premium Trend Analytics Brand Name,"Superluminosity.com is a premium, brandable domain built for analytics, data, trends. Short, memorable and SEO‑optimized — ideal for organic growth and credibility.","Discover Superluminosity.com: premium brand name for analytics, data and trends. Short, memorable and SEO‑ready."
Hulgum.com,brandable_general,Hulgum.com – Premium Brandable General Brand Name,"Hulgum.com is a premium, brandable domain built for brandable, short name, memorable. Short, memorable and SEO‑optimized — ideal for organic growth and credibility.","Discover Hulgum.com: premium brand name for brandable, short name and memorable. Short, memorable and SEO‑ready."
WorkBison.com,animals_strength,WorkBison.com – Premium Animals Strength Brand Name,"WorkBison.com is a premium, brandable domain built for fitness, outdoor, leadership. Short, memorable and SEO‑optimized — ideal for organic growth and credibility.","Discover WorkBison.com: premium brand name for fitness, outdoor and leadership. Short, memorable and SEO‑ready."
DEEB.co,brandable_general,DEEB.co – Premium Brandable General Brand Name,"DEEB.co is a premium, brandable domain built for brandable, short name, memorable. Short, memorable and SEO‑optimized — ideal for organic growth and credibility.","Discover DEEB.co: premium brand name for brandable, short name and memorable. Short, memorable and SEO‑ready."
DormantEnergy.com,brandable_general,DormantEnergy.com – Premium Brandable General Brand Name,"DormantEnergy.com is a premium, brandable domain built for brandable, short name, memorable. Short, memorable and SEO‑optimized — ideal for organic growth and credibility.","Discover DormantEnergy.com: premium brand name for brandable, short name and memorable. Short, memorable and SEO‑ready."
RavenTour.com,music_audio,RavenTour.com – Premium Music Audio Brand Name,"RavenTour.com is a premium, brandable domain built for AI music, audio software, sound design. Short, memorable and SEO‑optimized — ideal for organic growth and credibility.","Discover RavenTour.com: premium brand name for AI music, audio software and sound design. Short, memorable and SEO‑ready."
FlavorPilot.com,food_snack,FlavorPilot.com – Premium Food Snack Brand Name,"FlavorPilot.com is a premium, brandable domain built for snacks, food brand, delivery. Short, memorable and SEO‑optimized — ideal for organic growth and credibility.","Discover FlavorPilot.com: premium brand name for snacks, food brand and delivery. Short, memorable and SEO‑ready."
PumaAxis.com,saas_dashboard,PumaAxis.com – Premium Saas Dashboard Brand Name,"PumaAxis.com is a premium, brandable domain built for SaaS, dashboard, B2B software. Short, memorable and SEO‑optimized — ideal for organic growth and credibility.","Discover PumaAxis.com: premium brand name for SaaS, dashboard and B2B software. Short, memorable and SEO‑ready."
AxisSeven.com,saas_dashboard,AxisSeven.com – Premium Saas Dashboard Brand Name,"AxisSeven.com is a premium, brandable domain built for SaaS, dashboard, B2B software. Short, memorable and SEO‑optimized — ideal for organic growth and credibility.","Discover AxisSeven.com: premium brand name for SaaS, dashboard and B2B software. Short, memorable and SEO‑ready."
Wellsix.com,health_diet,Wellsix.com – Premium Health Diet Brand Name,"Wellsix.com is a premium, brandable domain built for healthy diet, nutrition, wellness. Short, memorable and SEO‑optimized — ideal for organic growth and credibility.","Discover Wellsix.com: premium brand name for healthy diet, nutrition and wellness. Short, memorable and SEO‑ready."
Dronefive.com,drone_tech,Dronefive.com – Premium Drone Tech Brand Name,"Dronefive.com is a premium, brandable domain built for drones, aerial, mapping. Short, memorable and SEO‑optimized — ideal for organic growth and credibility.","Discover Dronefive.com: premium brand name for drones, aerial and mapping. Short, memorable and SEO‑ready."
SwankBee.com,brandable_general,SwankBee.com – Premium Brandable General Brand Name,"SwankBee.com is a premium, brandable domain built for brandable, short name, memorable. Short, memorable and SEO‑optimized — ideal for organic growth and credibility.","Discover SwankBee.com: premium brand name for brandable, short name and memorable. Short, memorable and SEO‑ready."
SoftRaven.com,music_audio,SoftRaven.com – Premium Music Audio Brand Name,"SoftRaven.com is a premium, brandable domain built for AI music, audio software, sound design. Short, memorable and SEO‑optimized — ideal for organic growth and credibility.","Discover SoftRaven.com: premium brand name for AI music, audio software and sound design. Short, memorable and SEO‑ready."
OrbitTwo.com,nature_green,OrbitTwo.com – Premium Nature Green Brand Name,"OrbitTwo.com is a premium, brandable domain built for sustainability, eco, nature. Short, memorable and SEO‑optimized — ideal for organic growth and credibility.","Discover OrbitTwo.com: premium brand name for sustainability, eco and nature. Short, memorable and SEO‑ready."
OwlSnack.com,music_audio,OwlSnack.com – Premium Music Audio Brand Name,"OwlSnack.com is a premium, brandable domain built for AI music, audio software, sound design. Short, memorable and SEO‑optimized — ideal for organic growth and credibility.","Discover OwlSnack.com: premium brand name for AI music, audio software and sound design. Short, memorable and SEO‑ready."
VaultTrend.com,trend_analytics,VaultTrend.com – Premium Trend Analytics Brand Name,"VaultTrend.com is a premium, brandable domain built for analytics, data, trends. Short, memorable and SEO‑optimized — ideal for organic growth and credibility.","Discover VaultTrend.com: premium brand name for analytics, data and trends. Short, memorable and SEO‑ready."
MetroGist.com,trend_analytics,MetroGist.com – Premium Trend Analytics Brand Name,"MetroGist.com is a premium, brandable domain built for analytics, data, trends. Short, memorable and SEO‑optimized — ideal for organic growth and credibility.","Discover MetroGist.com: premium brand name for analytics, data and trends. Short, memorable and SEO‑ready."
NextVisor.com,saas_dashboard,NextVisor.com – Premium Saas Dashboard Brand Name,"NextVisor.com is a premium, brandable domain built for SaaS, dashboard, B2B software. Short, memorable and SEO‑optimized — ideal for organic growth and credibility.","Discover NextVisor.com: premium brand name for SaaS, dashboard and B2B software. Short, memorable and SEO‑ready."
CapacityOne.com,brandable_general,CapacityOne.com – Premium Brandable General Brand Name,"CapacityOne.com is a premium, brandable domain built for brandable, short name, memorable. Short, memorable and SEO‑optimized — ideal for organic growth and credibility.","Discover CapacityOne.com: premium brand name for brandable, short name and memorable. Short, memorable and SEO‑ready."
Suvary.com,brandable_general,Suvary.com – Premium Brandable General Brand Name,"Suvary.com is a premium, brandable domain built for brandable, short name, memorable. Short, memorable and SEO‑optimized — ideal for organic growth and credibility.","Discover Suvary.com: premium brand name for brandable, short name and memorable. Short, memorable and SEO‑ready."
LeaderBulk.com,brandable_general,LeaderBulk.com – Premium Brandable General Brand Name,"LeaderBulk.com is a premium, brandable domain built for brandable, short name, memorable. Short, memorable and SEO‑optimized — ideal for organic growth and credibility.","Discover LeaderBulk.com: premium brand name for brandable, short name and memorable. Short, memorable and SEO‑ready."
BrandCubic.com,brand_agency,BrandCubic.com – Premium Brand Agency Brand Name,"BrandCubic.com is a premium, brandable domain built for branding, agency, creative. Short, memorable and SEO‑optimized — ideal for organic growth and credibility.","Discover BrandCubic.com: premium brand name for branding, agency and creative. Short, memorable and SEO‑ready."
BirdEars.com,brandable_general,BirdEars.com – Premium Brandable General Brand Name,"BirdEars.com is a premium, brandable domain built for brandable, short name, memorable. Short, memorable and SEO‑optimized — ideal for organic growth and credibility.","Discover BirdEars.com: premium brand name for brandable, short name and memorable. Short, memorable and SEO‑ready."
BeeProbe.com,brandable_general,BeeProbe.com – Premium Brandable General Brand Name,"BeeProbe.com is a premium, brandable domain built for brandable, short name, memorable. Short, memorable and SEO‑optimized — ideal for organic growth and credibility.","Discover BeeProbe.com: premium brand name for brandable, short name and memorable. Short, memorable and SEO‑ready."
BeViews.com,brandable_general,BeViews.com – Premium Brandable General Brand Name,"BeViews.com is a premium, brandable domain built for brandable, short name, memorable. Short, memorable and SEO‑optimized — ideal for organic growth and credibility.","Discover BeViews.com: premium brand name for brandable, short name and memorable. Short, memorable and SEO‑ready."
JointCup.com,brandable_general,JointCup.com – Premium Brandable General Brand Name,"JointCup.com is a premium, brandable domain built for brandable, short name, memorable. Short, memorable and SEO‑optimized — ideal for organic growth and credibility.","Discover JointCup.com: premium brand name for brandable, short name and memorable. Short, memorable and SEO‑ready."
PumpLeaf.com,food_snack,PumpLeaf.com – Premium Food Snack Brand Name,"PumpLeaf.com is a premium, brandable domain built for snacks, food brand, delivery. Short, memorable and SEO‑optimized — ideal for organic growth and credibility.","Discover PumpLeaf.com: premium brand name for snacks, food brand and delivery. Short, memorable and SEO‑ready."
IXAZ.com,brandable_general,IXAZ.com – Premium Brandable General Brand Name,"IXAZ.com is a premium, brandable domain built for brandable, short name, memorable. Short, memorable and SEO‑optimized — ideal for organic growth and credibility.","Discover IXAZ.com: premium brand name for brandable, short name and memorable. Short, memorable and SEO‑ready."
Kwoy.com,brandable_general,Kwoy.com – Premium Brandable General Brand Name,"Kwoy.com is a premium, brandable domain built for brandable, short name, memorable. Short, memorable and SEO‑optimized — ideal for organic growth and credibility.","Discover Kwoy.com: premium brand name for brandable, short name and memorable. Short, memorable and SEO‑ready."
Ago.me,brandable_general,Ago.me – Premium Brandable General Brand Name,"Ago.me is a premium, brandable domain built for brandable, short name, memorable. Short, memorable and SEO‑optimized — ideal for organic growth and credibility.","Discover Ago.me: premium brand name for brandable, short name and memorable. Short, memorable and SEO‑ready."
AxisPanel.com,saas_dashboard,AxisPanel.com – Premium Saas Dashboard Brand Name,"AxisPanel.com is a premium, brandable domain built for SaaS, dashboard, B2B software. Short, memorable and SEO‑optimized — ideal for organic growth and credibility.","Discover AxisPanel.com: premium brand name for SaaS, dashboard and B2B software. Short, memorable and SEO‑ready."
NutAxis.com,saas_dashboard,NutAxis.com – Premium Saas Dashboard Brand Name,"NutAxis.com is a premium, brandable domain built for SaaS, dashboard, B2B software. Short, memorable and SEO‑optimized — ideal for organic growth and credibility.","Discover NutAxis.com: premium brand name for SaaS, dashboard and B2B software. Short, memorable and SEO‑ready."
BurgerOrbit.com,food_snack,BurgerOrbit.com – Premium Food Snack Brand Name,"BurgerOrbit.com is a premium, brandable domain built for snacks, food brand, delivery. Short, memorable and SEO‑optimized — ideal for organic growth and credibility.","Discover BurgerOrbit.com: premium brand name for snacks, food brand and delivery. Short, memorable and SEO‑ready."
Insurens.com,insurance,Insurens.com – Premium Insurance Brand Name,"Insurens.com is a premium, brandable domain built for insurance, insurtech, coverage. Short, memorable and SEO‑optimized — ideal for organic growth and credibility.","Discover Insurens.com: premium brand name for insurance, insurtech and coverage. Short, memorable and SEO‑ready."
Foxfuze.com,animals_strength,Foxfuze.com – Premium Animals Strength Brand Name,"Foxfuze.com is a premium, brandable domain built for fitness, outdoor, leadership. Short, memorable and SEO‑optimized — ideal for organic growth and credibility.","Discover Foxfuze.com: premium brand name for fitness, outdoor and leadership. Short, memorable and SEO‑ready."
VillaTiger.com,real_estate,VillaTiger.com – Premium Real Estate Brand Name,"VillaTiger.com is a premium, brandable domain built for real estate, proptech, luxury homes. Short, memorable and SEO‑optimized — ideal for organic growth and credibility.","Discover VillaTiger.com: premium brand name for real estate, proptech and luxury homes. Short, memorable and SEO‑ready."
DiligentFox.com,animals_strength,DiligentFox.com – Premium Animals Strength Brand Name,"DiligentFox.com is a premium, brandable domain built for fitness, outdoor, leadership. Short, memorable and SEO‑optimized — ideal for organic growth and credibility.","Discover DiligentFox.com: premium brand name for fitness, outdoor and leadership. Short, memorable and SEO‑ready."
SquadDefend.com,security_privacy,SquadDefend.com – Premium Security Privacy Brand Name,"SquadDefend.com is a premium, brandable domain built for cybersecurity, privacy, vault. Short, memorable and SEO‑optimized — ideal for organic growth and credibility.","Discover SquadDefend.com: premium brand name for cybersecurity, privacy and vault. Short, memorable and SEO‑ready."
Fullbison.com,animals_strength,Fullbison.com – Premium Animals Strength Brand Name,"Fullbison.com is a premium, brandable domain built for fitness, outdoor, leadership. Short, memorable and SEO‑optimized — ideal for organic growth and credibility.","Discover Fullbison.com: premium brand name for fitness, outdoor and leadership. Short, memorable and SEO‑ready."
Beslan.com,brandable_general,Beslan.com – Premium Brandable General Brand Name,"Beslan.com is a premium, brandable domain built for brandable, short name, memorable. Short, memorable and SEO‑optimized — ideal for organic growth and credibility.","Discover Beslan.com: premium brand name for brandable, short name and memorable. Short, memorable and SEO‑ready."
Bapup.com,brandable_general,Bapup.com – Premium Brandable General Brand Name,"Bapup.com is a premium, brandable domain built for brandable, short name, memorable. Short, memorable and SEO‑optimized — ideal for organic growth and credibility.","Discover Bapup.com: premium brand name for brandable, short name and memorable. Short, memorable and SEO‑ready."
SwiftPrice.com,pricing_deals,SwiftPrice.com – Premium Pricing Deals Brand Name,"SwiftPrice.com is a premium, brandable domain built for price comparison, deals, dynamic pricing. Short, memorable and SEO‑optimized — ideal for organic growth and credibility.","Discover SwiftPrice.com: premium brand name for price comparison, deals and dynamic pricing. Short, memorable and SEO‑ready."
LovelyNic.com,brandable_general,LovelyNic.com – Premium Brandable General Brand Name,"LovelyNic.com is a premium, brandable domain built for brandable, short name, memorable. Short, memorable and SEO‑optimized — ideal for organic growth and credibility.","Discover LovelyNic.com: premium brand name for brandable, short name and memorable. Short, memorable and SEO‑ready."
WolfFleet.com,animals_strength,WolfFleet.com – Premium Animals Strength Brand Name,"WolfFleet.com is a premium, brandable domain built for fitness, outdoor, leadership. Short, memorable and SEO‑optimized — ideal for organic growth and credibility.","Discover WolfFleet.com: premium brand name for fitness, outdoor and leadership. Short, memorable and SEO‑ready."
Soothelle.com,brandable_general,Soothelle.com – Premium Brandable General Brand Name,"Soothelle.com is a premium, brandable domain built for brandable, short name, memorable. Short, memorable and SEO‑optimized — ideal for organic growth and credibility.","Discover Soothelle.com: premium brand name for brandable, short name and memorable. Short, memorable and SEO‑ready."
ColorfulBrains.com,brand_agency,ColorfulBrains.com – Premium Brand Agency Brand Name,"ColorfulBrains.com is a premium, brandable domain built for branding, agency, creative. Short, memorable and SEO‑optimized — ideal for organic growth and credibility.","Discover ColorfulBrains.com: premium brand name for branding, agency and creative. Short, memorable and SEO‑ready."
Kurub.com,brandable_general,Kurub.com – Premium Brandable General Brand Name,"Kurub.com is a premium, brandable domain built for brandable, short name, memorable. Short, memorable and SEO‑optimized — ideal for organic growth and credibility.","Discover Kurub.com: premium brand name for brandable, short name and memorable. Short, memorable and SEO‑ready."
LeoBlock.com,brandable_general,LeoBlock.com – Premium Brandable General Brand Name,"LeoBlock.com is a premium, brandable domain built for brandable, short name, memorable. Short, memorable and SEO‑optimized — ideal for organic growth and credibility.","Discover LeoBlock.com: premium brand name for brandable, short name and memorable. Short, memorable and SEO‑ready."
Grisus.com,brandable_general,Grisus.com – Premium Brandable General Brand Name,"Grisus.com is a premium, brandable domain built for brandable, short name, memorable. Short, memorable and SEO‑optimized — ideal for organic growth and credibility.","Discover Grisus.com: premium brand name for brandable, short name and memorable. Short, memorable and SEO‑ready."
GeniusScout.com,brand_agency,GeniusScout.com – Premium Brand Agency Brand Name,"GeniusScout.com is a premium, brandable domain built for branding, agency, creative. Short, memorable and SEO‑optimized — ideal for organic growth and credibility.","Discover GeniusScout.com: premium brand name for branding, agency and creative. Short, memorable and SEO‑ready."
Nockit.com,brandable_general,Nockit.com – Premium Brandable General Brand Name,"Nockit.com is a premium, brandable domain built for brandable, short name, memorable. Short, memorable and SEO‑optimized — ideal for organic growth and credibility.","Discover Nockit.com: premium brand name for brandable, short name and memorable. Short, memorable and SEO‑ready."
CleanBox.net,brandable_general,CleanBox.net – Premium Brandable General Brand Name,"CleanBox.net is a premium, brandable domain built for brandable, short name, memorable. Short, memorable and SEO‑optimized — ideal for organic growth and credibility.","Discover CleanBox.net: premium brand name for brandable, short name and memorable. Short, memorable and SEO‑ready."
ToVogue.com,brandable_general,ToVogue.com – Premium Brandable General Brand Name,"ToVogue.com is a premium, brandable domain built for brandable, short name, memorable. Short, memorable and SEO‑optimized — ideal for organic growth and credibility.","Discover ToVogue.com: premium brand name for brandable, short name and memorable. Short, memorable and SEO‑ready."
Bemif.com,brandable_general,Bemif.com – Premium Brandable General Brand Name,"Bemif.com is a premium, brandable domain built for brandable, short name, memorable. Short, memorable and SEO‑optimized — ideal for organic growth and credibility.","Discover Bemif.com: premium brand name for brandable, short name and memorable. Short, memorable and SEO‑ready."
Bubev.com,brandable_general,Bubev.com – Premium Brandable General Brand Name,"Bubev.com is a premium, brandable domain built for brandable, short name, memorable. Short, memorable and SEO‑optimized — ideal for organic growth and credibility.","Discover Bubev.com: premium brand name for brandable, short name and memorable. Short, memorable and SEO‑ready."
Kzrn.com,brandable_general,Kzrn.com – Premium Brandable General Brand Name,"Kzrn.com is a premium, brandable domain built for brandable, short name, memorable. Short, memorable and SEO‑optimized — ideal for organic growth and credibility.","Discover Kzrn.com: premium brand name for brandable, short name and memorable. Short, memorable and SEO‑ready."
AiHarp.com,music_audio,AiHarp.com – Premium Music Audio Brand Name,"AiHarp.com is a premium, brandable domain built for AI music, audio software, sound design. Short, memorable and SEO‑optimized — ideal for organic growth and credibility.","Discover AiHarp.com: premium brand name for AI music, audio software and sound design. Short, memorable and SEO‑ready."
ILKX.com,brandable_general,ILKX.com – Premium Brandable General Brand Name,"ILKX.com is a premium, brandable domain built for brandable, short name, memorable. Short, memorable and SEO‑optimized — ideal for organic growth and credibility.","Discover ILKX.com: premium brand name for brandable, short name and memorable. Short, memorable and SEO‑ready."
Nisuvi.com,brandable_general,Nisuvi.com – Premium Brandable General Brand Name,"Nisuvi.com is a premium, brandable domain built for brandable, short name, memorable. Short, memorable and SEO‑optimized — ideal for organic growth and credibility.","Discover Nisuvi.com: premium brand name for brandable, short name and memorable. Short, memorable and SEO‑ready."
ShinUp.com,brandable_general,ShinUp.com – Premium Brandable General Brand Name,"ShinUp.com is a premium, brandable domain built for brandable, short name, memorable. Short, memorable and SEO‑optimized — ideal for organic growth and credibility.","Discover ShinUp.com: premium brand name for brandable, short name and memorable. Short, memorable and SEO‑ready."
CultureChord.com,brandable_general,CultureChord.com – Premium Brandable General Brand Name,"CultureChord.com is a premium, brandable domain built for brandable, short name, memorable. Short, memorable and SEO‑optimized — ideal for organic growth and credibility.","Discover CultureChord.com: premium brand name for brandable, short name and memorable. Short, memorable and SEO‑ready."
CloutCrest.com,brandable_general,CloutCrest.com – Premium Brandable General Brand Name,"CloutCrest.com is a premium, brandable domain built for brandable, short name, memorable. Short, memorable and SEO‑optimized — ideal for organic growth and credibility.","Discover CloutCrest.com: premium brand name for brandable, short name and memorable. Short, memorable and SEO‑ready."
